epoch,loss_val
1.0,0.17254289984703064
2.0,0.10612602531909943
3.0,0.08165763318538666
4.0,0.09943979978561401
5.0,0.09834029525518417
6.0,0.0570199117064476
7.0,0.1234535500407219
8.0,0.11355238407850266
9.0,0.06060970947146416
10.0,0.12008991092443466
