epoch,loss_val
1.0,0.10420491546392441
2.0,0.08534739911556244
3.0,0.074887216091156
4.0,0.08005455136299133
5.0,0.15469589829444885
6.0,0.08831076323986053
7.0,0.08717571198940277
8.0,0.14501750469207764
9.0,0.05875813961029053
10.0,0.10450313985347748
